<?xml version="1.0" encoding="UTF-8" standalone="yes"?>
<addon id="repository.KodiTVR" name="[B][COLOR yellow]repository [COLOR yellow]KodiTVR[/B][/COLOR]" version="2.5" provider-name="KodiTVR">
	<extension point="xbmc.addon.repository" name="[B][COLOR yellow]repository [COLOR yellow]KodiTVR[/B][/COLOR]">
		<info compressed="false">https://raw.github.com/KodiTVR-add-on/repository.KodiTVR/master/addons.xml</info>
		<checksum>https://raw.github.com/KodiTVR-add-on/repository.KodiTVR/master/addons.xml.md5</checksum>
		<datadir zip="true">https://raw.github.com/KodiTVR-add-on/repository.KodiTVR/master/repo/</datadir>
	</extension>
	<extension point="xbmc.addon.metadata">
		<summary>KodiTVR Repo</summary>
		<description>Transferir e instalar add-ons KodiTVR a partir do repositório KodiTVR, aqui encontra add-ons para o Kodi, testados pela KodiTVR! Agora o resto fica á vossa escolha...</description>
		<disclaimer></disclaimer>
		<platform>all</platform>
	</extension>
</addon>
